,City,Latitude,Longitude,Temperature,Humidity,Cloud_Cover,Wind,Country,Date
0,rikitea,-23.12,-134.97,71.15,75,0,13.33,PF,1597532320
1,kapaa,22.08,-159.32,84.79,66,40,12.75,US,1597532320
2,atar,20.52,-13.05,101.48,21,73,6.69,MR,1597532320
3,emborion,40.48,21.55,66.2,93,3,1.12,GR,1597532320
4,port alfred,-33.59,26.89,52.45,67,98,21.03,ZA,1597532044
5,atuona,-9.8,-139.03,78.08,75,17,14.99,PF,1597532321
6,butaritari,3.07,172.79,82.08,73,95,13.56,KI,1597532321
7,mar del plata,-38.0,-57.56,46.13,45,5,11.41,AR,1597532105
8,livingston,55.9,-3.52,57.56,100,75,8.05,GB,1597532321
9,ushuaia,-54.8,-68.3,33.8,69,40,9.17,AR,1597532120
10,souillac,-20.52,57.52,71.6,73,20,14.99,MU,1597532322
11,albany,42.6,-73.97,77.0,57,70,5.97,US,1597532323
12,cockburn town,21.46,-71.14,86.0,70,40,11.41,TC,1597532323
13,north platte,41.12,-100.77,82.9,39,90,6.93,US,1597532323
14,punta arenas,-53.15,-70.92,33.39,86,75,28.86,CL,1597532323
15,torbay,47.67,-52.73,55.4,71,20,4.7,CA,1597532324
16,victoria,22.29,114.16,81.86,83,40,5.82,HK,1597532268
17,bethel,41.37,-73.41,73.6,60,1,14.99,US,1597532324
18,vaini,-21.2,-175.2,73.4,64,40,11.41,TO,1597532325
19,qaanaaq,77.48,-69.36,41.56,70,3,3.87,GL,1597532325
20,bredasdorp,-34.53,20.04,44.6,87,24,9.17,ZA,1597532325
21,manzhouli,49.6,117.43,63.55,79,90,3.71,CN,1597532325
22,pevek,69.7,170.31,41.58,79,0,8.23,RU,1597532325
23,jamestown,42.1,-79.24,74.93,64,1,10.29,US,1597532326
24,hobart,-42.88,147.33,52.9,87,90,8.05,AU,1597532289
25,whitefish,48.41,-114.34,83.59,23,1,12.75,US,1597532326
26,nam phong,16.7,102.86,77.0,94,75,2.24,TH,1597532326
27,pasighat,28.07,95.33,77.09,89,100,2.55,IN,1597532327
28,xuanhua,40.61,115.04,69.98,69,53,3.38,CN,1597532327
29,new norfolk,-42.78,147.06,51.37,93,100,1.01,AU,1597532328
30,umred,20.85,79.33,75.2,94,90,4.7,IN,1597532328
31,castro,-24.79,-50.01,59.04,95,99,3.62,BR,1597532328
32,lompoc,34.64,-120.46,89.26,47,1,9.17,US,1597532328
33,lulea,65.58,22.15,59.0,58,8,12.75,SE,1597532329
34,nikolskoye,59.7,30.79,56.73,93,93,2.24,RU,1597532329
35,kisoro,-1.29,29.68,60.84,77,97,1.48,UG,1597532329
36,tura,25.52,90.22,74.57,94,97,4.38,IN,1597532329
37,xichang,27.9,102.26,67.87,83,100,3.04,CN,1597532330
38,tres arroyos,-38.37,-60.28,39.9,66,0,11.45,AR,1597532330
39,bitung,1.45,125.18,75.2,88,20,6.85,ID,1597532330
40,kodiak,57.79,-152.41,73.4,38,1,18.34,US,1597532330
41,hotaka,36.34,137.88,82.0,71,93,0.31,JP,1597532330
42,newberry,34.27,-81.62,81.45,74,1,4.7,US,1597532331
43,mokobeng,-23.0,27.67,59.79,32,0,3.18,BW,1597532331
44,sungairaya,0.7,108.9,77.11,86,100,5.55,ID,1597532331
45,presidencia roque saenz pena,-26.79,-60.44,60.98,54,0,6.93,AR,1597532331
46,vlore,40.47,19.49,75.7,79,0,5.64,AL,1597532332
47,verkhnevilyuysk,63.45,120.32,48.02,62,97,6.64,RU,1597532332
48,viedma,-40.81,-63.0,41.47,61,0,10.27,AR,1597532332
49,kstovo,56.15,44.2,42.4,100,1,5.53,RU,1597532332
50,mataura,-46.19,168.86,50.0,82,0,1.01,NZ,1597532333
51,bagamoyo,-6.43,38.9,69.82,86,80,5.14,TZ,1597532333
52,port hedland,-20.32,118.57,57.2,82,0,5.82,AU,1597532333
53,conde,-7.26,-34.91,73.4,94,58,5.82,BR,1597532334
54,bhindar,24.5,74.18,75.34,95,100,6.89,IN,1597532334
55,acarau,-2.89,-40.12,78.64,74,88,18.48,BR,1597532256
56,sao joao da barra,-21.64,-41.05,74.62,85,15,21.45,BR,1597532334
57,thompson,55.74,-97.86,66.2,59,75,29.97,CA,1597532334
58,sitka,57.05,-135.33,57.2,87,90,3.58,US,1597532335
59,walvis bay,-22.96,14.51,50.4,76,0,3.36,NA,1597532335
60,vila velha,-20.33,-40.29,76.08,83,20,12.75,BR,1597532335
61,touros,-5.2,-35.46,75.2,88,93,4.7,BR,1597532335
62,saint-augustin,51.23,-58.65,64.29,58,0,14.65,CA,1597532335
63,port elizabeth,-33.92,25.57,50.0,76,53,18.34,ZA,1597532336
64,kathu,7.92,98.33,81.0,94,20,1.12,TH,1597532336
65,shimoda,34.67,138.95,88.0,72,1,1.99,JP,1597532336
66,gouyave,12.16,-61.73,86.0,79,40,11.41,GD,1597532336
67,aksarka,66.56,67.8,40.23,80,11,6.38,RU,1597532337
68,lorengau,-2.02,147.27,83.61,69,84,5.26,PG,1597532337
69,bluff,-46.6,168.33,50.0,82,27,1.01,NZ,1597532337
70,bilibino,68.05,166.44,53.56,63,49,3.83,RU,1597532337
71,kismayo,-0.36,42.55,76.5,75,88,15.97,SO,1597532338
72,kruisfontein,-34.0,24.73,48.0,74,21,3.0,ZA,1597532338
73,hithadhoo,-0.6,73.08,83.07,70,67,3.44,MV,1597532338
74,mount isa,-20.73,139.5,64.4,30,0,5.82,AU,1597532338
75,saskylakh,71.92,114.08,49.77,60,0,7.67,RU,1597532338
76,lobito,-12.35,13.55,67.59,90,3,5.99,AO,1597532339
77,saint-philippe,-21.36,55.77,60.12,63,55,8.05,RE,1597532339
78,cape town,-33.93,18.42,46.22,93,75,8.05,ZA,1597532339
79,san patricio,19.22,-104.7,89.6,70,20,11.41,MX,1597532339
80,east london,-33.02,27.91,54.01,63,100,19.48,ZA,1597532339
81,mahebourg,-20.41,57.7,71.6,73,20,14.99,MU,1597532340
82,angoche,-16.23,39.91,70.18,83,0,3.56,MZ,1597532340
83,kaitangata,-46.28,169.85,50.0,62,32,3.0,NZ,1597532340
84,airai,-8.93,125.41,62.91,55,18,3.13,TL,1597532340
85,semey,50.41,80.23,50.0,81,7,4.47,KZ,1597532340
86,busselton,-33.65,115.33,49.01,81,93,21.36,AU,1597532341
87,chokurdakh,70.63,147.92,38.95,88,100,7.31,RU,1597532341
88,chapais,49.78,-74.85,77.0,41,1,11.41,CA,1597532341
89,arraial do cabo,-22.97,-42.03,73.44,84,18,13.24,BR,1597532342
90,apatity,67.56,33.4,53.35,93,99,4.83,RU,1597532342
91,sigiriya,7.95,80.74,75.24,79,100,10.56,LK,1597532343
92,mumford,5.26,-0.76,74.53,90,89,10.27,GH,1597532343
93,barrow,71.29,-156.79,39.2,100,90,9.17,US,1597532343
94,namatanai,-3.67,152.43,83.23,72,9,4.43,PG,1597532344
95,mugur-aksy,50.35,90.5,47.21,82,100,6.96,RU,1597532344
96,muisne,0.6,-80.03,80.6,78,75,12.75,EC,1597532344
97,shizukuishi,39.68,140.98,75.2,94,75,2.24,JP,1597532344
98,carnarvon,-24.87,113.63,65.39,65,28,16.98,AU,1597532344
99,puerto ayora,-0.74,-90.35,68.0,87,67,5.01,EC,1597532345
100,peniche,39.36,-9.38,65.34,89,0,7.25,PT,1597532345
101,cabo san lucas,22.89,-109.91,92.19,55,5,18.34,MX,1597532345
102,olinda,-8.01,-34.86,78.8,78,74,5.82,BR,1597532345
103,estevan,49.13,-102.98,80.24,29,1,11.41,CA,1597532345
104,tuktoyaktuk,69.45,-133.04,50.0,66,90,6.93,CA,1597532346
105,charters towers,-20.1,146.27,63.97,37,0,11.81,AU,1597532346
106,hamilton,39.18,-84.53,84.69,58,75,7.25,US,1597532182
107,lardos,36.09,28.02,82.58,51,0,8.05,GR,1597532346
108,asyut,27.18,31.18,82.4,48,0,8.05,EG,1597532347
109,qui nhon,13.77,109.23,78.82,80,100,4.21,VN,1597532347
110,ust-ilimsk,58.0,102.66,48.25,72,0,2.93,RU,1597532347
111,belyy,55.84,32.94,55.78,95,94,3.71,RU,1597532347
112,dossor,47.53,52.98,65.26,49,7,10.29,KZ,1597532348
113,bambous virieux,-20.34,57.76,71.8,73,20,14.99,MU,1597532348
114,brewster,41.4,-73.62,73.15,60,1,14.99,US,1597532348
115,magistralnyy,56.17,107.45,47.73,74,0,5.86,RU,1597532349
116,tasiilaq,65.61,-37.64,42.8,87,100,23.04,GL,1597532349
117,tiksi,71.69,128.87,41.63,84,92,3.6,RU,1597532349
118,byron bay,-28.65,153.62,60.93,63,0,11.41,AU,1597532103
119,holme,56.11,10.17,62.26,82,0,1.28,DK,1597532350
120,esperance,-33.87,121.9,57.2,71,90,13.87,AU,1597532350
121,quatre cocos,-20.21,57.76,71.82,73,20,14.99,MU,1597532350
122,baghdad,33.34,44.4,89.6,24,0,10.29,IQ,1597532278
123,pochutla,15.74,-96.47,91.99,62,70,5.01,MX,1597532352
124,kutum,14.2,24.67,77.18,58,77,6.53,SD,1597532352
125,yellowknife,62.46,-114.35,60.03,51,75,9.17,CA,1597532352
126,samarai,-10.62,150.67,76.59,75,84,11.01,PG,1597532352
127,cayenne,4.93,-52.33,75.2,94,94,3.36,GF,1597532353
128,vao,-22.67,167.48,69.28,77,1,20.0,NC,1597532353
129,hermanus,-34.42,19.23,46.0,90,60,14.74,ZA,1597532353
130,hilo,19.73,-155.09,78.58,69,90,10.29,US,1597532353
131,ballina,-28.87,153.57,61.18,63,0,11.41,AU,1597532354
132,markovo,57.32,107.09,49.21,68,0,7.94,RU,1597532354
133,emba,48.83,58.14,62.73,53,58,7.23,KZ,1597532354
134,le havre,49.49,0.11,62.6,100,90,6.93,FR,1597532354
135,veraval,20.9,70.37,81.57,83,94,20.87,IN,1597532354
136,yinchuan,38.47,106.27,71.24,64,31,2.08,CN,1597532355
137,juneau,58.3,-134.42,55.22,93,90,11.41,US,1597532103
138,makakilo city,21.35,-158.09,86.72,52,75,5.82,US,1597532118
139,kahului,20.89,-156.47,84.47,43,40,21.92,US,1597532355
140,caraz,-9.05,-77.81,65.86,41,88,1.32,PE,1597532356
141,nyurba,63.28,118.33,46.89,64,98,6.53,RU,1597532356
142,iracoubo,5.48,-53.2,80.49,80,92,6.15,GF,1597532356
143,brodokalmak,55.57,62.08,55.4,100,75,6.71,RU,1597532356
144,chiredzi,-21.05,31.67,63.7,30,0,4.23,ZW,1597532356
145,monroe,43.15,-77.68,79.77,54,75,10.29,US,1597532257
146,talnakh,69.49,88.4,59.0,67,100,8.95,RU,1597532357
147,oistins,13.07,-59.53,84.2,79,40,11.41,BB,1597532357
148,debar,41.52,20.53,75.2,88,40,3.36,MK,1597532357
149,san quintin,30.48,-115.95,79.66,57,60,8.55,MX,1597532357
150,manta,-0.95,-80.73,77.0,73,20,13.87,EC,1597532260
151,roma,43.21,-75.46,79.16,47,75,6.93,US,1597532252
152,totness,5.88,-56.32,81.68,78,68,9.93,SR,1597532358
153,ahipara,-35.17,173.17,54.68,68,71,6.22,NZ,1597532358
154,hualmay,-11.1,-77.61,61.75,79,31,11.77,PE,1597532358
155,staryy nadym,65.61,72.68,46.27,89,100,15.79,RU,1597532359
156,griffin,33.25,-84.26,73.72,100,1,6.93,US,1597532359
157,chuy,-33.7,-53.46,47.25,65,0,7.85,UY,1597532359
158,port moresby,-9.44,147.18,75.2,83,40,11.41,PG,1597532155
159,malanje,-9.54,16.34,63.01,69,0,5.41,AO,1597532359
160,liverpool,53.41,-2.98,64.09,77,75,11.41,GB,1597532193
161,young,-32.68,-57.63,54.0,42,0,8.05,UY,1597532360
162,kloulklubed,7.04,134.26,78.8,88,90,8.05,PW,1597532360
163,nieuwpoort,51.12,2.77,67.68,100,18,2.24,BE,1597532360
164,chicama,-7.84,-79.15,63.72,74,68,8.52,PE,1597532360
165,geraldton,-28.77,114.6,60.8,67,75,19.46,AU,1597532361
166,lata,40.16,-8.33,61.18,88,20,2.24,PT,1597532361
167,newport,51.59,-3.0,62.47,97,100,5.93,GB,1597532216
168,payo,-3.75,103.64,72.75,93,59,1.88,ID,1597532361
169,lensk,60.73,114.93,45.86,74,1,3.78,RU,1597532362
170,mahabaleshwar,17.92,73.67,61.59,100,100,7.52,IN,1597532362
171,lebu,-37.62,-73.65,45.25,72,0,11.59,CL,1597532362
172,baraboo,43.47,-89.74,72.14,53,75,9.17,US,1597532362
173,waddan,29.16,16.14,79.38,37,0,9.95,LY,1597532362
174,upernavik,72.79,-56.15,41.63,70,1,10.0,GL,1597532363
175,codrington,-38.27,141.97,49.55,92,2,7.16,AU,1597532363
176,leduc,53.27,-113.55,72.82,53,75,8.05,CA,1597532363
177,brae,60.4,-1.35,53.6,93,26,3.36,GB,1597532364
178,san policarpo,12.18,125.51,79.32,85,99,3.78,PH,1597532364
179,okhotsk,59.38,143.3,59.22,77,100,5.5,RU,1597532364
180,itarema,-2.92,-39.92,78.55,74,94,17.07,BR,1597532364
181,khatanga,71.97,102.5,54.46,59,0,5.61,RU,1597532364
182,zavetnoye,47.12,43.89,56.32,58,0,5.19,RU,1597532365
183,caravelas,-17.71,-39.25,72.97,88,14,5.97,BR,1597532365
184,ostrovnoy,68.05,39.51,56.75,89,100,19.39,RU,1597532365
185,aksu,41.12,80.26,72.16,35,10,6.64,CN,1597532365
186,eureka,40.8,-124.16,83.34,39,1,9.17,US,1597532256
187,wanaka,-44.7,169.15,39.0,79,11,0.65,NZ,1597532366
188,evensk,61.95,159.23,58.71,65,81,10.98,RU,1597532366
189,vila franca do campo,37.72,-25.43,73.4,88,40,10.29,PT,1597532366
190,vestmannaeyjar,63.44,-20.27,53.4,93,92,8.46,IS,1597532367
191,hervey bay,-25.3,152.85,66.0,62,0,5.99,AU,1597532228
192,isangel,-19.55,169.27,73.98,65,98,11.99,VU,1597532367
193,salym,60.06,71.48,48.56,86,99,3.65,RU,1597532367
194,bisira,8.52,-81.71,60.21,100,100,1.36,PA,1597532368
195,sorland,67.67,12.69,52.5,69,57,29.04,NO,1597532368
196,mahon,39.89,4.27,77.0,83,20,5.82,ES,1597532368
197,kaohsiung,22.62,120.31,78.08,94,75,4.7,TW,1597532368
198,egvekinot,66.32,-179.17,56.71,54,94,6.67,RU,1597532369
199,seremban,2.73,101.94,78.4,88,40,3.36,MY,1597532369
200,lexington,37.99,-84.48,84.04,62,75,6.93,US,1597532191
201,road town,18.42,-64.62,84.15,74,40,8.05,VG,1597532186
202,hasaki,35.73,140.83,83.53,94,75,8.05,JP,1597532369
203,chazuta,-6.57,-76.14,79.66,76,45,0.51,PE,1597532370
204,yarada,17.65,83.27,77.0,100,90,11.41,IN,1597532370
205,ribeira grande,38.52,-28.7,73.65,86,32,15.79,PT,1597532370
206,ponta do sol,32.67,-17.1,70.68,68,20,6.93,PT,1597532370
207,cherskiy,68.75,161.3,52.75,52,92,6.76,RU,1597532370
208,chizhou,30.66,117.48,82.56,80,1,2.51,CN,1597532371
209,florianopolis,-27.61,-48.5,66.04,77,20,3.36,BR,1597532371
210,ulaanbaatar,47.91,106.88,51.8,93,75,4.47,MN,1597532355
211,portland,45.52,-122.68,97.16,35,0,3.13,US,1597532353
212,kavieng,-2.57,150.8,83.68,69,45,4.83,PG,1597532372
213,beisfjord,68.38,17.6,43.56,87,97,25.28,NO,1597532372
214,te anau,-45.42,167.72,39.74,80,62,0.49,NZ,1597532372
215,bucak,37.46,30.59,72.64,37,0,11.41,TR,1597532373
216,kudahuvadhoo,2.67,72.89,82.94,66,90,0.63,MV,1597532373
217,clyde river,70.47,-68.59,42.8,87,20,8.05,CA,1597532373
218,cam ranh,11.92,109.16,80.6,83,20,2.24,VN,1597532373
219,batagay-alyta,67.8,130.41,35.85,92,100,2.62,RU,1597532374
220,mogadishu,2.04,45.34,75.34,78,85,16.11,SO,1597532079
221,kokopo,-4.35,152.26,81.7,77,1,7.83,PG,1597532374
222,port-gentil,-0.72,8.78,77.0,83,90,12.73,GA,1597532374
223,kupang,-10.17,123.58,73.4,83,20,5.82,ID,1597532229
224,burnie,-41.07,145.92,52.92,70,100,7.0,AU,1597532375
225,mount abu,24.59,72.71,67.33,100,100,4.38,IN,1597532375
226,olafsvik,64.89,-23.71,52.77,94,100,14.92,IS,1597532375
227,pitimbu,-7.47,-34.81,73.4,94,47,5.82,BR,1597532375
228,ancud,-41.87,-73.82,43.81,93,90,8.05,CL,1597532376
229,mudgee,-32.59,149.59,49.6,76,90,18.34,AU,1597532376
230,palm coast,29.59,-81.21,75.2,94,1,4.97,US,1597532376
231,bud,39.45,-86.18,83.19,65,90,4.7,US,1597532376
232,inhambane,-23.86,35.38,65.97,78,0,12.75,MZ,1597532377
233,constitucion,-35.33,-72.42,48.0,64,0,10.51,CL,1597532377
234,nago,26.59,127.98,83.55,79,40,5.82,JP,1597532377
235,dikson,73.51,80.55,43.03,87,39,4.83,RU,1597532377
236,jining,35.41,116.58,82.0,1,32,3.29,CN,1597532377
237,maldonado,-34.67,-54.92,51.53,57,0,6.93,UY,1597532323
238,andenes,69.31,16.12,48.2,76,97,32.21,NO,1597532378
239,galle,6.04,80.22,78.22,89,99,7.74,LK,1597532378
240,nouadhibou,20.93,-17.03,73.02,81,1,22.75,MR,1597532378
241,mehamn,71.04,27.85,47.57,78,60,24.7,NO,1597532378
242,gambo,4.65,22.26,71.55,94,100,1.45,CF,1597532379
243,aleksandro-nevskiy,53.48,40.21,53.26,85,57,6.29,RU,1597532379
244,mapiripan,2.89,-72.13,77.38,91,100,3.94,CO,1597532379
245,mayumba,-3.43,10.66,73.33,85,66,6.42,GA,1597532379
246,santa maria,-29.68,-53.81,60.8,82,20,1.12,BR,1597532249
247,yumen,40.28,97.2,61.75,38,40,7.23,CN,1597532380
248,axim,4.87,-2.24,75.09,87,86,8.7,GH,1597532380
249,cartagena,10.4,-75.51,86.0,79,75,8.05,CO,1597532380
250,palmas,-10.21,-48.36,87.8,40,77,3.69,BR,1597532381
251,aklavik,68.22,-135.01,51.8,87,90,10.29,CA,1597532381
252,shingu,33.73,135.98,86.81,65,0,2.66,JP,1597532381
253,shangzhi,45.22,127.97,68.0,89,15,6.67,CN,1597532382
254,bose,45.46,8.01,70.66,60,86,5.86,IT,1597532382
255,nome,64.5,-165.41,55.15,93,90,9.17,US,1597532382
256,vostok,46.49,135.88,63.55,95,33,5.55,RU,1597532382
257,longyearbyen,78.22,15.64,41.0,80,75,2.24,SJ,1597532382
258,black river,18.03,-77.85,87.87,74,40,16.11,JM,1597532345
259,greenwood,34.17,-82.12,73.2,100,40,6.93,US,1597532383
260,faanui,-16.48,-151.75,78.44,79,83,14.36,PF,1597532383
261,provideniya,64.38,-173.3,56.8,58,3,7.7,RU,1597532383
262,puerto escondido,15.85,-97.07,87.8,66,75,9.17,MX,1597532384
263,shasta lake,40.68,-122.37,107.94,15,0,5.99,US,1597532384
264,tocopilla,-22.09,-70.2,58.37,64,22,7.38,CL,1597532384
265,necochea,-38.55,-58.74,45.0,55,59,10.0,AR,1597532110
266,avarua,-21.21,-159.78,77.0,94,0,4.7,CK,1597532385
267,pakxan,18.38,103.66,73.02,97,100,2.82,LA,1597532385
268,tautira,-17.73,-149.15,84.2,62,40,14.99,PF,1597532385
269,chapleau,47.84,-83.4,75.2,50,90,12.75,CA,1597532385
270,chernyshevskiy,63.01,112.47,45.82,72,16,2.89,RU,1597532385
271,haines junction,60.75,-137.51,52.9,84,100,2.86,CA,1597532386
272,carauari,-4.88,-66.9,84.06,58,81,1.86,BR,1597532386
273,hella,67.2,14.43,53.51,62,40,27.51,NO,1597532386
274,oktyabrskoye,43.06,44.74,62.29,67,67,6.71,RU,1597532386
275,gimli,50.63,-96.99,76.73,71,19,7.0,CA,1597532386
276,saint george,37.1,-113.58,108.59,6,1,3.36,US,1597532387
277,marzuq,14.4,46.47,81.99,54,74,7.0,YE,1597532387
278,touho,-20.78,165.23,71.67,83,100,14.74,NC,1597532387
279,cidreira,-30.18,-50.21,59.99,90,3,5.99,BR,1597532387
280,jiaohe,43.73,127.34,69.39,86,73,1.3,CN,1597532388
281,namibe,-15.2,12.15,60.31,88,59,6.02,AO,1597532388
282,at-bashi,41.17,75.81,52.32,47,0,0.83,KG,1597532388
283,tevriz,57.51,72.4,45.55,96,54,2.71,RU,1597532388
284,usman,52.05,39.73,55.4,66,79,6.35,RU,1597532389
285,boyolangu,-8.12,111.89,74.34,92,61,2.82,ID,1597532389
286,verkhnyaya inta,65.98,60.31,45.93,74,20,4.9,RU,1597532389
287,bulgan,48.81,103.53,53.51,92,100,5.61,MN,1597532390
288,kokhma,56.93,41.09,49.39,94,26,3.83,RU,1597532390
289,paracuru,-3.41,-39.03,79.0,74,96,18.99,BR,1597532390
290,waingapu,-9.66,120.26,74.57,68,18,4.54,ID,1597532390
291,tabas,33.6,56.92,95.0,14,0,9.17,IR,1597532391
292,swadlincote,52.77,-1.56,60.03,100,75,9.17,GB,1597532391
293,krizevci,46.02,16.54,66.61,88,60,1.86,HR,1597532391
294,severo-kurilsk,50.68,156.12,55.15,77,91,5.84,RU,1597532391
295,pisco,-13.7,-76.22,65.68,72,36,8.05,PE,1597532297
296,mount gambier,-37.83,140.77,39.2,100,40,5.82,AU,1597532392
297,santona,43.44,-3.46,66.07,77,40,6.93,ES,1597532392
298,bosaso,11.28,49.18,89.13,44,57,23.98,SO,1597532392
299,gananoque,44.33,-76.17,82.69,52,48,3.0,CA,1597532392
300,margate,51.38,1.39,67.96,93,69,1.21,GB,1597532393
301,skopin,53.82,39.55,55.0,86,48,1.99,RU,1597532393
302,glenluce,54.88,-4.81,61.0,90,93,5.37,GB,1597532393
303,do gonbadan,30.36,50.8,84.2,30,0,0.49,IR,1597532393
304,hit,33.64,42.83,86.04,21,0,12.53,IQ,1597532394
305,truth or consequences,33.13,-107.25,97.56,14,1,12.75,US,1597532394
306,coari,-4.08,-63.14,83.79,43,54,0.89,BR,1597532394
307,ketchikan,55.34,-131.65,59.0,100,90,11.41,US,1597532394
308,bengkulu,-3.8,102.27,75.36,91,98,4.97,ID,1597532394
309,ciudad bolivar,8.12,-63.55,85.21,67,44,8.23,VE,1597532395
310,henties bay,-22.12,14.28,53.01,85,0,1.01,NA,1597532395
311,mishan,45.55,131.88,69.76,85,3,5.57,CN,1597532097
312,avera,33.19,-82.53,79.63,79,40,5.82,US,1597532396
313,grindavik,63.84,-22.43,51.8,100,90,13.87,IS,1597532396
314,ternate,0.8,127.4,80.64,78,59,0.51,ID,1597532396
315,taoudenni,22.68,-3.98,105.49,9,28,10.8,ML,1597532396
316,turukhansk,65.82,87.98,58.51,53,72,13.33,RU,1597532396
317,narsaq,60.92,-46.05,51.8,66,97,8.05,GL,1597532397
318,araouane,18.9,-3.53,102.58,20,56,13.27,ML,1597532397
319,salalah,17.02,54.09,77.0,100,90,8.05,OM,1597532397
320,qaqortoq,60.72,-46.03,51.8,66,92,8.05,GL,1597532397
321,praia da vitoria,38.73,-27.07,75.2,83,20,9.73,PT,1597532397
322,belaya gora,68.53,146.42,40.05,73,100,8.79,RU,1597532398
323,ilulissat,69.22,-51.1,42.8,48,6,5.82,GL,1597532398
324,kaseda,31.42,130.32,75.09,100,20,4.7,JP,1597532398
325,celestun,20.87,-90.4,85.33,71,13,18.14,MX,1597532398
326,gornyy,55.12,83.91,56.26,94,100,1.3,RU,1597532399
327,georgetown,5.41,100.34,79.25,94,20,2.24,MY,1597532399
328,nenjiang,49.18,125.22,62.17,75,0,2.89,CN,1597532399
329,camocim,-2.9,-40.84,79.57,67,56,18.59,BR,1597532399
330,tuatapere,-46.13,167.68,50.0,82,3,1.01,NZ,1597532399
331,neuquen,-38.95,-68.06,51.8,34,4,11.41,AR,1597532191
332,bashtanka,47.41,32.44,60.89,52,66,6.4,UA,1597532223
333,monrovia,6.3,-10.8,76.55,83,100,13.38,LR,1597532220
334,ayagoz,47.97,80.44,56.23,55,0,10.18,KZ,1597532400
335,opotiki,-38.08,177.28,48.99,69,2,8.99,NZ,1597532402
336,coihueco,-36.62,-71.83,48.2,74,0,12.75,CL,1597532402
337,nanortalik,60.14,-45.24,42.76,80,44,9.06,GL,1597532402
338,fairbanks,64.84,-147.72,68.74,45,20,6.93,US,1597532146
339,novo aripuana,-5.12,-60.38,85.21,39,44,1.66,BR,1597532404
340,nelson bay,-32.72,152.15,59.13,62,0,20.8,AU,1597532405
341,dordrecht,51.81,4.67,71.11,85,9,1.99,NL,1597532405
342,nemuro,43.32,145.57,61.9,97,97,2.42,JP,1597532406
343,udachnyy,66.42,112.4,44.6,75,27,2.68,RU,1597532407
344,cukai,4.25,103.42,75.09,94,77,2.84,MY,1597532407
345,matara,5.95,80.54,77.0,91,98,8.19,LK,1597532407
346,adet,11.26,37.49,57.97,90,100,2.53,ET,1597532408
347,iqaluit,63.75,-68.51,42.39,100,90,8.05,CA,1597532408
348,gornopravdinsk,60.05,69.9,46.49,87,88,3.31,RU,1597532408
349,kaeo,-35.1,173.78,55.99,3,48,1.99,NZ,1597532409
350,beyneu,45.32,55.2,66.13,50,19,10.67,KZ,1597532409
351,catuday,16.29,119.81,79.12,81,59,5.41,PH,1597532410
352,havre-saint-pierre,50.23,-63.6,66.2,59,1,10.29,CA,1597532410
353,tutoia,-2.76,-42.27,80.55,73,50,17.18,BR,1597532410
354,ola,59.58,151.28,58.15,64,81,4.25,RU,1597532410
355,blagoyevo,63.37,47.92,43.9,82,0,3.96,RU,1597532411
356,ambon,-3.7,128.18,77.0,94,40,5.82,ID,1597532411
357,half moon bay,37.46,-122.43,87.22,32,1,16.11,US,1597532411
358,bournemouth,50.72,-1.88,64.63,100,90,3.36,GB,1597532412
359,caconda,-13.73,15.07,53.56,64,0,3.13,AO,1597532412
360,murray bridge,-35.12,139.27,46.33,92,0,3.0,AU,1597532413
361,comodoro rivadavia,-45.87,-67.5,48.2,42,90,38.03,AR,1597532306
362,harij,23.7,71.9,80.82,89,100,8.88,IN,1597532413
363,zhigansk,66.77,123.37,44.24,68,0,22.35,RU,1597532414
364,simand,46.43,21.45,64.72,93,57,0.47,RO,1597532414
365,talara,-4.58,-81.27,63.28,85,72,14.72,PE,1597532414
366,tessalit,20.2,1.01,97.39,25,24,15.14,ML,1597532415
367,mandalgovi,45.76,106.27,59.7,75,100,6.89,MN,1597532415
368,tecpan,14.76,-90.99,68.52,60,75,13.87,GT,1597532415
369,spokane,47.62,-117.37,89.8,16,1,3.36,US,1597532416
370,sydney,-33.87,151.21,59.04,58,90,18.34,AU,1597532283
371,biak,-0.91,122.88,76.57,72,81,7.07,ID,1597532416
372,bonavista,48.65,-53.11,55.99,78,0,1.99,CA,1597532416
373,suclayin,15.76,121.55,80.33,78,70,2.26,PH,1597532417
374,ndele,8.41,20.65,71.73,96,100,2.8,CF,1597532417
375,lakes entrance,-37.88,147.98,52.0,97,100,1.99,AU,1597532417
376,kiama,-34.68,150.87,57.6,72,100,14.0,AU,1597532417
377,saldanha,-33.01,17.94,46.4,87,23,3.36,ZA,1597532418
378,koslan,63.46,48.9,43.9,81,0,3.09,RU,1597532418
379,lima,-12.04,-77.03,62.6,77,90,9.17,PE,1597532164
380,alice springs,-23.7,133.88,50.0,37,0,9.8,AU,1597532141
381,asmar,35.03,71.36,78.48,69,67,1.77,AF,1597532419
382,morant bay,17.88,-76.41,84.99,83,40,9.17,JM,1597532419
383,sola,-13.88,167.55,78.75,83,100,19.1,VU,1597532419
384,merritt island,28.54,-80.67,80.87,88,20,13.87,US,1597532420
385,khandyga,62.67,135.6,52.95,46,0,6.71,RU,1597532420
386,thinadhoo,0.53,72.93,83.32,71,79,3.49,MV,1597532420
387,kilindoni,-7.91,39.67,76.55,79,3,16.15,TZ,1597532421
388,pekan,3.48,103.4,78.4,88,20,1.86,MY,1597532421
389,alta floresta,-9.88,-56.09,86.99,27,77,3.31,BR,1597532421
390,bethanien,-26.5,17.16,43.36,82,0,3.38,NA,1597532421
391,pemberton,50.32,-122.8,86.0,25,5,2.24,CA,1597532422
392,conceicao do araguaia,-8.26,-49.26,83.19,30,76,2.8,BR,1597532423
393,celica,-4.12,-79.95,68.11,66,69,5.17,EC,1597532423
394,champerico,14.3,-91.92,87.8,70,75,4.7,GT,1597532423
395,maniitsoq,65.42,-52.9,46.99,68,0,10.47,GL,1597532424
396,dneprovskaya,45.62,38.81,61.12,50,0,1.99,RU,1597532424
397,pontes e lacerda,-15.23,-59.34,85.1,29,19,2.39,BR,1597532424
398,maturin,9.75,-63.18,77.29,93,90,5.39,VE,1597532170
399,richards bay,-28.78,32.04,66.33,70,17,15.64,ZA,1597532425
400,sorrento,40.63,14.37,74.71,92,0,5.3,IT,1597532425
401,odweyne,9.41,45.06,74.53,54,100,14.41,SO,1597532425
402,shimanovsk,52.0,127.7,54.59,96,100,12.5,RU,1597532426
403,ulaangom,49.98,92.07,60.82,72,100,6.24,MN,1597532426
404,homa bay,-0.53,34.46,68.13,76,99,1.7,KE,1597532426
405,tarut,26.57,50.04,89.6,27,0,11.41,SA,1597532427
406,tabory,58.52,64.55,46.45,94,73,6.11,RU,1597532427
407,zhezkazgan,47.8,67.71,70.38,34,99,9.91,KZ,1597532427
408,matamoros,25.53,-103.25,95.88,11,5,13.87,MX,1597532427
409,bairiki,1.33,172.98,84.2,70,20,4.7,KI,1597532427
410,padang,-0.95,100.35,78.8,75,100,3.53,ID,1597532389
411,banjar,-8.19,114.97,78.8,100,40,8.05,ID,1597532428
412,katsuura,35.13,140.3,88.05,79,3,8.05,JP,1597532428
413,trat,12.5,102.5,82.99,66,82,1.19,TH,1597532428
414,kharp,66.8,65.81,41.16,81,22,2.21,RU,1597532429
415,kysucke nove mesto,49.3,18.78,59.63,87,89,2.24,SK,1597532429
416,kalutara,6.58,79.96,80.6,83,75,4.7,LK,1597532429
417,canterbury,51.28,1.08,65.91,98,85,2.01,GB,1597532429
418,beringovskiy,63.05,179.32,58.59,67,54,11.86,RU,1597532430
419,kovdor,67.57,30.48,51.37,85,100,5.91,RU,1597532430
420,sattahip,12.67,100.9,77.0,94,20,3.36,TH,1597532430
421,caramay,10.18,119.24,80.35,76,15,2.84,PH,1597532430
422,krasnoselkup,65.7,82.47,61.3,84,98,10.45,RU,1597532431
423,victor harbor,-35.57,138.62,53.01,89,7,6.98,AU,1597532431
424,ous,60.91,61.52,47.88,80,89,4.21,RU,1597532431
425,coihaique,-45.58,-72.07,44.6,65,75,9.17,CL,1597532431
426,ahuimanu,21.44,-157.84,84.56,66,90,13.87,US,1597532432
427,marystown,47.17,-55.15,57.65,66,25,4.56,CA,1597532432
428,lipin bor,60.26,37.98,57.16,91,98,6.78,RU,1597532432
429,norman wells,65.28,-126.83,60.8,77,75,8.05,CA,1597532432
430,jasper,37.2,-94.35,78.06,83,90,9.17,US,1597532432
431,tevaitoa,-16.78,-151.5,78.96,77,59,14.36,PF,1597532433
432,tromso,69.65,18.96,48.2,70,75,40.26,NO,1597532433
433,zlitan,32.47,14.57,82.02,50,0,9.44,LY,1597532433
434,bida,9.08,6.02,74.1,87,3,1.7,NG,1597532433
435,rocha,-34.48,-54.33,45.41,63,0,8.9,UY,1597532434
436,broome,42.25,-75.83,76.35,60,1,4.7,US,1597532434
437,pafos,34.77,32.42,70.41,53,0,5.82,CY,1597532434
438,la ronge,55.1,-105.28,62.6,59,75,18.34,CA,1597532434
439,visnes,59.36,5.22,59.72,93,1,12.75,NO,1597532434
440,dalvik,65.97,-18.53,50.0,93,89,2.24,IS,1597532435
441,san vicente de canete,-13.08,-76.38,61.5,76,72,4.29,PE,1597532435
442,jawhar,2.78,45.5,73.71,75,86,12.57,SO,1597532435
443,sambava,-14.27,50.17,66.96,83,96,11.03,MG,1597532435
444,saint-jean-port-joli,47.22,-70.27,66.0,77,3,8.99,CA,1597532436
445,hami,42.8,93.45,69.1,29,1,3.22,CN,1597532436
446,solnechnyy,50.72,136.63,57.49,95,100,2.71,RU,1597532436
447,villa carlos paz,-31.42,-64.5,55.85,27,0,4.7,AR,1597532437
448,nisporeni,47.08,28.18,68.0,68,100,4.7,MD,1597532437
449,cambridge,43.36,-80.31,78.49,69,75,8.05,CA,1597532252
450,virginia beach,36.85,-75.98,75.09,88,90,14.99,US,1597532409
451,buin,-33.73,-70.75,54.61,76,0,4.7,CL,1597532438
452,kottayam,9.58,76.52,77.0,94,75,2.15,IN,1597532438
453,sarahan,31.52,77.8,61.56,70,23,1.54,IN,1597532438
454,tabou,4.42,-7.35,75.06,84,68,10.2,CI,1597532439
455,okha,53.57,142.95,56.62,83,100,18.16,RU,1597532439
456,lasa,46.62,10.7,59.0,87,15,3.36,IT,1597532439
457,pleshanovo,52.83,53.48,53.65,96,82,9.13,RU,1597532439
458,marawi,8.0,124.29,77.0,85,21,7.0,PH,1597532439
459,vardo,70.37,31.11,47.48,81,100,12.17,NO,1597532440
460,huarmey,-10.07,-78.15,63.18,76,55,9.95,PE,1597532440
461,abu kamal,34.45,40.92,83.55,16,0,18.41,SY,1597532440
462,labrea,-7.26,-64.8,86.16,41,94,1.74,BR,1597532342
463,klaksvik,62.23,-6.59,53.6,100,74,5.82,FO,1597532441
464,bahia blanca,-38.72,-62.27,44.42,53,0,10.92,AR,1597532441
465,arawa,-6.21,155.54,85.6,65,25,0.47,PG,1597532441
466,luderitz,-26.65,15.16,56.73,74,0,18.63,NA,1597532441
467,rassvet,46.83,40.75,54.81,57,0,4.9,RU,1597532442
468,yashkul,46.17,45.34,59.72,49,0,7.56,RU,1597532442
469,hurghada,27.26,33.81,89.6,24,0,8.05,EG,1597532442
470,anahuac,27.23,-100.15,100.4,31,5,10.29,MX,1597532442
471,faya,18.39,42.45,68.9,82,74,5.44,SA,1597532443
472,los llanos de aridane,28.66,-17.92,70.09,78,11,17.22,ES,1597532443
473,crotone,39.09,17.12,80.06,59,7,4.56,IT,1597532443
474,yarqa,31.98,35.69,72.52,44,0,4.7,JO,1597532443
475,oyama,36.3,139.8,87.91,88,75,10.29,JP,1597532444
476,rio gallegos,-51.62,-69.22,35.6,80,40,20.8,AR,1597532444
477,abbeville,50.1,1.83,64.0,68,85,2.91,FR,1597532295
478,pijao,4.33,-75.7,60.51,92,100,1.16,CO,1597532444
479,virovitica,45.83,17.38,66.0,94,37,2.37,HR,1597532444
480,guinayangan,13.9,122.45,79.86,83,90,2.06,PH,1597532445
481,vallenar,-28.57,-70.76,61.74,37,0,2.84,CL,1597532445
482,bubaque,11.28,-15.83,80.4,85,100,14.09,GW,1597532445
483,umm lajj,25.02,37.27,83.41,65,0,4.7,SA,1597532445
484,sarmanovo,55.26,52.59,55.4,100,75,11.18,RU,1597532446
485,kamaishi,39.27,141.88,78.67,71,15,1.59,JP,1597532446
486,bonfim,3.08,-59.95,79.86,81,89,3.67,BR,1597532446
487,terra santa,-2.1,-56.49,85.08,52,38,3.98,BR,1597532446
488,delijan,33.99,50.68,71.64,41,0,3.24,IR,1597532447
489,skjervoy,70.03,20.97,49.53,72,100,38.14,NO,1597532447
490,weligama,5.97,80.42,77.25,91,98,7.74,LK,1597532447
491,mackenzie,55.3,-123.17,62.6,82,90,9.17,CA,1597532448
492,williams lake,52.14,-122.14,77.0,36,75,4.7,CA,1597532448
493,umba,66.69,34.34,57.31,83,99,10.45,RU,1597532448
494,nuuk,64.18,-51.72,50.0,66,0,16.11,GL,1597532448
495,komsomolskiy,40.43,71.72,71.6,46,0,4.7,UZ,1597532449
496,saint-leu,-21.15,55.28,59.86,63,60,8.05,RE,1597532449
497,pacific grove,36.62,-121.92,85.26,31,1,5.82,US,1597532171
498,utica,43.1,-75.23,76.03,47,75,6.93,US,1597532263
499,nicoya,10.15,-85.45,80.6,83,100,8.05,CR,1597532404
500,skibbereen,51.55,-9.27,62.6,93,90,4.7,IE,1597532450
501,puerto rico,-26.8,-55.02,61.65,83,5,4.68,AR,1597532450
502,yaan,7.38,8.57,74.28,87,33,1.81,NG,1597532450
503,leningradskiy,69.38,178.42,48.56,67,79,10.25,RU,1597532451
504,gasa,31.5,34.47,72.97,40,0,4.85,PS,1597532451
505,sal rei,16.18,-22.92,78.8,78,40,11.41,CV,1597532451
506,betong,5.77,101.07,71.37,93,89,1.52,TH,1597532451
507,kalabo,-14.97,22.68,59.61,32,0,4.72,ZM,1597532452
508,terrace,54.52,-128.6,60.8,100,90,21.92,CA,1597532445
509,gordeyevka,52.96,31.97,55.51,83,68,7.87,RU,1597532452
510,sumenep,-7.02,113.87,78.42,84,14,8.7,ID,1597532452
511,felipe carrillo puerto,19.58,-88.05,88.0,60,74,5.99,MX,1597532453
512,cottonwood,34.74,-112.01,104.72,8,1,3.36,US,1597532453
513,saurimo,-9.66,20.39,66.51,25,3,4.12,AO,1597532453
514,mumbwa,-14.98,27.06,54.73,55,0,2.75,ZM,1597532453
515,sorong,-0.88,131.25,78.15,85,0,7.36,ID,1597532454
516,snezhnogorsk,69.19,33.25,50.0,93,40,2.24,RU,1597532454
517,langham,52.37,-106.97,73.47,35,75,21.92,CA,1597532454
518,porto de moz,-1.75,-52.24,83.43,60,100,1.39,BR,1597532409
519,teberda,43.45,41.74,47.48,66,5,4.45,RU,1597532455
520,svetlogorsk,52.63,29.73,56.43,86,36,5.79,BY,1597532455
521,olaine,56.79,23.94,57.2,100,43,1.52,LV,1597532455
522,banda aceh,5.56,95.32,79.74,80,80,6.35,ID,1597532456
523,kieta,-6.22,155.63,83.97,68,28,0.78,PG,1597532456
524,aberystwyth,52.42,-4.08,61.0,100,100,4.59,GB,1597532456
525,srednekolymsk,67.45,153.68,43.12,86,100,6.87,RU,1597532456
526,husavik,66.04,-17.34,50.0,93,52,2.24,IS,1597532225
527,mayo,38.89,-76.51,74.88,78,90,5.82,US,1597532457
528,xai-xai,-25.05,33.64,71.28,41,0,14.56,MZ,1597532457
529,hammerfest,70.66,23.68,46.4,75,97,28.86,NO,1597532457
530,sur,22.57,59.53,86.77,59,60,10.31,OM,1597532458
531,juan lacaze,-34.43,-57.44,51.17,50,1,10.29,UY,1597532458
532,kalmar,56.66,16.36,61.0,93,54,6.31,SE,1597532348
533,yulara,-25.24,130.99,55.58,43,0,10.2,AU,1597532459
534,vinh,18.67,105.67,76.87,81,100,2.98,VN,1597532459
535,ongandjera,-17.88,15.07,61.93,30,0,10.2,NA,1597532459
536,novyy urengoy,66.08,76.63,49.01,92,100,12.1,RU,1597532459
537,gotsu,35.0,132.22,82.11,66,35,8.75,JP,1597532460
538,takaka,-40.85,172.8,51.01,78,20,1.99,NZ,1597532460
539,rupert,42.62,-113.68,87.8,16,1,9.17,US,1597532163
540,pangnirtung,66.15,-65.71,50.04,54,97,3.38,CA,1597532460
541,port hardy,50.7,-127.42,69.8,68,40,6.93,CA,1597532447
542,dunedin,-45.87,170.5,46.99,69,5,4.0,NZ,1597532372
543,taunggyi,20.78,97.03,62.06,100,100,4.68,MM,1597532298
544,barao de melgaco,-16.19,-55.97,96.8,16,31,4.7,BR,1597532463
545,san lorenzo,-25.33,-57.53,66.2,68,95,14.99,PY,1597532463
546,laguna,38.42,-121.42,107.1,16,1,5.82,US,1597532463
547,skutec,49.84,16.0,63.55,93,40,3.36,CZ,1597532464
548,barcelos,41.54,-8.62,61.97,93,20,0.69,PT,1597532464
549,karratha,-20.74,116.85,66.61,73,8,1.28,AU,1597532464
550,plettenberg bay,-34.05,23.37,47.25,74,64,13.33,ZA,1597532246
551,porto novo,6.5,2.6,75.2,100,20,5.82,BJ,1597532465
552,minot,48.23,-101.3,78.57,31,1,11.41,US,1597532413
553,south lake tahoe,38.93,-119.98,83.88,30,75,4.7,US,1597532406
554,ridgecrest,35.62,-117.67,106.16,8,1,6.26,US,1597532195
555,upata,8.01,-62.4,76.77,83,38,3.04,VE,1597532465
556,san carlos de bariloche,-41.15,-71.31,35.6,69,75,26.4,AR,1597532466
557,lavrentiya,65.58,-171.0,59.47,47,4,3.8,RU,1597532466
558,dorfen,48.27,12.15,61.95,100,55,2.24,DE,1597532467
559,rawah,34.48,41.91,84.06,23,0,16.33,IQ,1597532468
560,boromo,11.75,-2.93,73.63,93,99,8.25,BF,1597532468
561,chufarovo,54.1,47.34,51.04,92,100,12.62,RU,1597532468
562,tahoua,14.89,5.27,83.21,64,25,16.73,NE,1597532468
563,petawawa,45.9,-77.33,78.42,47,1,6.02,CA,1597532469
564,ko samui,9.54,99.94,80.6,88,20,4.81,TH,1597532469
565,dungarpur,23.83,73.72,76.5,95,100,9.89,IN,1597532469
566,namtsy,62.72,129.67,46.4,70,9,6.71,RU,1597532469
567,bafia,4.75,11.23,68.32,97,90,1.97,CM,1597532470
568,mormugao,15.4,73.8,78.53,89,100,20.2,IN,1597532470
569,xinzhi,36.5,111.7,72.27,81,100,5.01,CN,1597532470
570,port blair,11.67,92.75,80.6,83,40,3.36,IN,1597532470
571,broken hill,-31.95,141.43,44.6,93,40,6.93,AU,1597532471
572,nogales,31.31,-110.94,98.83,22,1,9.82,MX,1597532471
573,alyangula,-13.85,136.42,68.0,94,40,12.41,AU,1597532471
574,chingirlau,51.09,54.08,55.29,85,40,8.75,KZ,1597532471
575,asau,46.43,26.4,60.01,98,100,3.13,RO,1597532472
576,eregli,37.51,34.05,56.66,43,0,4.12,TR,1597532472
577,cape canaveral,28.41,-80.6,84.81,74,75,10.29,US,1597532320
578,kalispell,48.2,-114.31,84.02,23,1,12.75,US,1597532472
579,nalut,30.33,10.85,82.72,22,0,11.74,LY,1597532473
580,taicheng,38.73,113.23,63.9,85,100,2.71,CN,1597532473
581,verkhovazhye,60.75,42.05,48.43,94,38,3.98,RU,1597532473
582,karpogory,64.0,44.45,54.72,81,100,7.11,RU,1597532473
